file,regulator,title,circular_number,date,source_url
473MDD1229693F0604B6D996B1DF75C81E466.PDF,RBI,Master Direction on Note Sorting Machines,RBI/DCM/2026-27/473,"Oct 02, 2026",https://www.rbi.org.in/Scripts/NotificationUser.aspx?Id=13723&Mode=0
NT2800AE75657FD144B8ABC111ECF504BCC06.PDF,RBI,Non-Resident Deposits - Comprehensive Single Return (NRD-CSR)(R012): Submission under CIMS Sankalan Portal,RBI/2026-27/280,"Oct 01, 2026",https://www.rbi.org.in/Scripts/NotificationUser.aspx?Id=13725&Mode=0
NT2796737482352AE4E488C0ECB304A05CDE1.PDF,RBI,Online submission of Form A2: Removal of limits on amount of remittance,RBI/2026-27/279,"Oct 01, 2026",https://www.rbi.org.in/Scripts/NotificationUser.aspx?Id=13724&Mode=0
NT278A39F641BB3C5485194734D495C3B914E.PDF,RBI,"Reserve Bank of India (Local Area Banks - Acquisition and Holding of Shares or Voting Rights) Amendment Directions, 2026",RBI/2026-27/278,"Oct 01, 2026",https://www.rbi.org.in/Scripts/NotificationUser.aspx?Id=13722&Mode=0
NT277F3970CD9E76046B0870FB310FEAC22D9.PDF,RBI,"Reserve Bank of India (Payments Banks - Acquisition and Holding of Shares or Voting Rights) Amendment Directions, 2026",RBI/2026-27/277,"Oct 01, 2026",https://www.rbi.org.in/Scripts/NotificationUser.aspx?Id=13721&Mode=0
NT276B283340355CB4606A0E114A0985D9349.PDF,RBI,"Reserve Bank of India (Small Finance Banks - Acquisition and Holding of Shares or Voting Rights) Amendment Directions, 2026",RBI/2026-27/276,"Oct 01, 2026",https://www.rbi.org.in/Scripts/NotificationUser.aspx?Id=13720&Mode=0
NT27591A82040B28E448E9C6F66A9C2855D70.PDF,RBI,"Reserve Bank of India (Commercial Banks - Acquisition and Holding of Shares or Voting Rights) Amendment Directions, 2026",RBI/2026-27/275,"Oct 01, 2026",https://www.rbi.org.in/Scripts/NotificationUser.aspx?Id=13719&Mode=0
NOTI27401102026AA16BFEFF59341BF97FD2930B1A4A63C.PDF,RBI,Consolidation/ Review of instructions issued on currency management matters – Withdrawal of Circulars/ Guidelines,RBI/2026-27/274,"Oct 01, 2026",https://www.rbi.org.in/Scripts/NotificationUser.aspx?Id=13718&Mode=0
NOTI27301102026D31353CD354443869BCAD069E0BF15CC.PDF,RBI,Cassette - Swaps in ATMs,RBI/2026-27/273,"Oct 01, 2026",https://www.rbi.org.in/Scripts/NotificationUser.aspx?Id=13717&Mode=0
272MC011020266691348260DF4CF99ACE017F146409F1.PDF,RBI,Master Circular - Credit Facilities to Scheduled Castes (SCs) & Scheduled Tribes (STs),RBI/2026-27/272,"Oct 01, 2026",https://www.rbi.org.in/Scripts/NotificationUser.aspx?Id=13716&Mode=0
NOTI2713C3AD0FCF88D4E0682D80BD7FC932BF9.PDF,RBI,"Implementation of Section 51A of UAPA, 1967: Updates to UNSC’s 1267/ 1989 ISIL (Da'esh) & Al-Qaida Sanctions List: Amendment of 1 Entry",RBI/2026-27/271,"Sep 29, 2026",https://www.rbi.org.in/Scripts/NotificationUser.aspx?Id=13715&Mode=0
FEMA23R2509202677C08DEDE2694B528FF6025930BF49F9.PDF,RBI,"Foreign Exchange Management (Export and Import of Goods and Services) (Amendment) Regulations, 2026",FEMA 23(R)/(1)/2026-RB,"Sep 25, 2026",https://www.rbi.org.in/Scripts/NotificationUser.aspx?Id=13714&Mode=0
NOTI27024092026B5163644F687458B97DB7E5AF0FF4FDD.PDF,RBI,"Designation of terrorist organisation under clause (a) of sub-section (1) of section 35 of the Unlawful Activities (Prevention) Act, 1967 and listed in the First Schedule of the Act",RBI/2026-2027/270,"Sep 24, 2026",https://www.rbi.org.in/Scripts/NotificationUser.aspx?Id=13713&Mode=0
NT269D2CF6DE13687460D8CFB6E8AD0CDEF4E.PDF,RBI,"Exim Bank’s GOI-supported Line of Credit (LOC) for ₹ 4,850 crores the Government of Maldives, for financing various developmental projects in Maldives",RBI/2026-2027/269,"Sep 23, 2026",https://www.rbi.org.in/Scripts/NotificationUser.aspx?Id=13712&Mode=0
NT26840D3650D40D2475CB0378668FD8B8EC1.PDF,RBI,"Reserve Bank of India (All India Financial Institutions - Classification, Valuation, and Operation of Investment Portfolio) Amendment Directions, 2026",RBI/2026-27/268,"Sep 22, 2026",https://www.rbi.org.in/Scripts/NotificationUser.aspx?Id=13711&Mode=0
NT267F885FEF645D54E6DAC327AE684434E56.PDF,RBI,"Reserve Bank of India (Payments Banks - Classification, Valuation, and Operation of Investment Portfolio) Second Amendment Directions, 2026",RBI/2026-27/267,"Sep 22, 2026",https://www.rbi.org.in/Scripts/NotificationUser.aspx?Id=13710&Mode=0
NT2663B9D47D9B0A147A5A2F0574A11554B97.PDF,RBI,"Reserve Bank of India (Small Finance Banks - Classification, Valuation, and Operation of Investment Portfolio) Second Amendment Directions, 2026",RBI/2026-27/266,"Sep 22, 2026",https://www.rbi.org.in/Scripts/NotificationUser.aspx?Id=13709&Mode=0
NT265E0CD6C792E7548DD945E004BEA0C948C.PDF,RBI,"Reserve Bank of India (Local Area Banks - Classification, Valuation, and Operation of Investment Portfolio) Second Amendment Directions, 2026",RBI/2026-27/265,"Sep 22, 2026",https://www.rbi.org.in/Scripts/NotificationUser.aspx?Id=13708&Mode=0
NT26408EF9CCC46424A929E01BF357BC7936C.PDF,RBI,"Reserve Bank of India (Commercial Banks - Classification, Valuation, and Operation of Investment Portfolio) Third Amendment Directions, 2026",RBI/2026-27/264,"Sep 22, 2026",https://www.rbi.org.in/Scripts/NotificationUser.aspx?Id=13707&Mode=0
NT263695FF625A09A48248840B53359D48063.PDF,RBI,Novation of OTC Derivative Contracts,RBI/2026-27/263,"Sep 22, 2026",https://www.rbi.org.in/Scripts/NotificationUser.aspx?Id=13706&Mode=0
1790852162769.pdf,SEBI,"Display of “investor awareness message(s)” by stock brokers on their trading apps and websites, under Project Jagrook",HO/38/24/(15)2026-MIRSD-PODMMC/I/22872/2026,"Oct 01, 2026",https://www.sebi.gov.in/legal/circulars/oct-2026/display-of-investor-awareness-message-s-by-stock-brokers-on-their-trading-apps-and-websites-under-project-jagrook_104858.html
1788788875715.pdf,SEBI,Relaxation in timeline with respect to Accredited Investor mandate for Angel Funds,HO/19/34/11(7)2025-AFD-POD1/I/20626/2026,"Sep 07, 2026",https://www.sebi.gov.in/legal/circulars/sep-2026/relaxation-in-timeline-with-respect-to-accredited-investor-mandate-for-angel-funds_104323.html
1787914585756.pdf,SEBI,"Extension of timeline for implementation of provisions of SEBI Circular dated June 15, 2026 on norms for base price, price bands, call auction in pre-open session and Close-out procedure for Exchange Traded Funds (ETFs)",HO/47/11/11(1)2026-MRD-POD3/I/19839/2026,"Aug 28, 2026",https://www.sebi.gov.in/legal/circulars/aug-2026/extension-of-timeline-for-implementation-of-provisions-of-sebi-circular-dated-june-15-2026-on-norms-for-base-price-price-bands-call-auction-in-pre-open-session-and-close-out-procedure-for-exchange-_104094.html
1787569463244.pdf,SEBI,Alignment of SEBI's Cyber Incident Reporting Portal with FIRE Format,HO/(449)2026-ITD-5_DIV1/I/19448/2026,"Aug 24, 2026",https://www.sebi.gov.in/legal/circulars/aug-2026/alignment-of-sebi-s-cyber-incident-reporting-portal-with-fire-format_103915.html
1787568759364.pdf,SEBI,IT Resilience Index for Market Infrastructure Institutions (MIIs),HO/47/18/11(1)2026-MRD-TPD1/I/19509/2026,"Aug 24, 2026",https://www.sebi.gov.in/legal/circulars/aug-2026/it-resilience-index-for-market-infrastructure-institutions-miis-_103913.html
1787224027885.pdf,SEBI,Acceptance of digitally signed Power of Attorney from FPIs,HO/19/34/14(8)2026-AFD-POD2/I/19251/2026,"Aug 20, 2026",https://www.sebi.gov.in/legal/circulars/aug-2026/acceptance-of-digitally-signed-power-of-attorney-from-fpis_103824.html
1787285998826.pdf,SEBI,Enabling sharing of information by KYC Registration Agencies (KRAs) with entities regulated by International Financial Services Centres Authority,HO/38/15/(7)2026-MIRSD-POD/I/19255/2026,"Aug 20, 2026",https://www.sebi.gov.in/legal/circulars/aug-2026/enabling-sharing-of-information-by-kyc-registration-agencies-kras-with-entities-regulated-by-international-financial-services-centres-authority_103823.html
1786705729757.pdf,SEBI,Modification in the regulatory framework for Online Bond Platform Providers (OBPPs) including measures for promoting ease of doing business,HO/17/11/(2)2026-DDHS-POD1/I/18769/2026,"Aug 14, 2026",https://www.sebi.gov.in/legal/circulars/aug-2026/modification-in-the-regulatory-framework-for-online-bond-platform-providers-obpps-including-measures-for-promoting-ease-of-doing-business_103647.html
1786705393789.pdf,SEBI,Framework for Calculation of Net Distributable Cash Flows for InvITs,HO/17/11/17(5)2026-DDHS-POD2/I/18791/2026,"Aug 14, 2026",https://www.sebi.gov.in/legal/circulars/aug-2026/framework-for-calculation-of-net-distributable-cash-flows-for-invits_103644.html
1786537329546.pdf,SEBI,Review of Inclusion of Historical Scenarios in Stress Testing for Commodity Derivatives Segment,HO/47/16/14(1)2026-MRD-POD1/I/18580/2026,"Aug 12, 2026",https://www.sebi.gov.in/legal/circulars/aug-2026/review-of-inclusion-of-historical-scenarios-in-stress-testing-for-commodity-derivatives-segment_103521.html
1786447511614.pdf,SEBI,"Amendment to SEBI (Issue and Listing of Municipal Debt Securities) Regulations, 2015 (“ILMDS Regulations”)",HO/17/11/24(1)2026-DDHS-POD1/I/18526/2026,"Aug 11, 2026",https://www.sebi.gov.in/legal/circulars/aug-2026/amendment-to-sebi-issue-and-listing-of-municipal-debt-securities-regulations-2015-ilmds-regulations-_103488.html
1785760104221.pdf,SEBI,"Extension of timeline for enrolment with PaRRVA as specified in SEBI Circular No. HO/38/14/(4)2026-MIRSD-POD/I/10557/2026 dated April 29, 2026",HO/38/14/(4)2026-MIRSD-POD/I/10557/2026,"Aug 03, 2026",https://www.sebi.gov.in/legal/circulars/aug-2026/extension-of-timeline-for-enrolment-with-parrva-as-specified-in-sebi-circular-no-ho-38-14-4-2026-mirsd-pod-i-10557-2026-dated-april-29-2026_103314.html
1785493077212.pdf,SEBI,Extension of timelines with repect to compliance of Digital Accessibility Circulars.,HO/(411)2026-ITD-5_DIV2/I/17922/2026,"Jul 31, 2026",https://www.sebi.gov.in/legal/circulars/jul-2026/extension-of-timelines-with-repect-to-compliance-of-digital-accessibility-circulars-_103277.html
1785412195539.pdf,SEBI,‘Green-Channel: AIF Rollout Upon Document Acknowledgement’ (GARUDA) Mechanism for Processing of Placement Memorandum of Alternative Investment Funds (AIFs) filed with SEBI,HO/19/19/11(2)2026-AFD-RAC2/I/17617/2026,"Jul 30, 2026",https://www.sebi.gov.in/legal/circulars/jul-2026/-green-channel-aif-rollout-upon-document-acknowledgement-garuda-mechanism-for-processing-of-placement-memorandum-of-alternative-investment-funds-aifs-filed-with-sebi_103241.html
1784869499027.pdf,SEBI,Ease of Doing Investment and Ease of Doing Business – Simplification and standardisation of the framework for transmission of securities,HO/38/13/11(14)2026-MIRSD-POD/I/17111/2026,"Jul 23, 2026",https://www.sebi.gov.in/legal/circulars/jul-2026/ease-of-doing-investment-and-ease-of-doing-business-simplification-and-standardisation-of-the-framework-for-transmission-of-securities_103030.html
1784633350069.pdf,SEBI,Certification Requirements for Distribution of Specialized Investment Funds (SIFs),HO/24/13/17(1)2026-IMD-POD-1/I/16895/2026,"Jul 21, 2026",https://www.sebi.gov.in/legal/circulars/jul-2026/certification-requirements-for-distribution-of-specialized-investment-funds-sifs-_102986.html
1784632576164.pdf,SEBI,"Operationalisation of freezing of holdings of promoter and promoter group including their associates (promoter holdings) at the ISIN level under Regulation 24(i)(ea) of the SEBI (Buy-back of Securities) Regulations, 2018 dated July 21, 2026",HO/49/14/13(11)2026-CFD-POD1/I/16864/2026,"Jul 21, 2026",https://www.sebi.gov.in/legal/circulars/jul-2026/operationalisation-of-freezing-of-holdings-of-promoter-and-promoter-group-including-their-associates-promoter-holdings-at-the-isin-level-under-regulation-24-i-ea-of-the-sebi-buy-back-of-securitie-_102978.html
1784285542603.pdf,SEBI,Extending facility of creating standing instructions for Systematic Withdrawal Plan (SWP)/ Systematic Transfer Plan (STP) for Mutual Fund units held in demat form,HO/47/14/13(2)2026-MRD-POD2/I/16590/2026,"Jul 17, 2026",https://www.sebi.gov.in/legal/circulars/jul-2026/extending-facility-of-creating-standing-instructions-for-systematic-withdrawal-plan-swp-systematic-transfer-plan-stp-for-mutual-fund-units-held-in-demat-form_102914.html
1783685402131.pdf,SEBI,Intraday borrowing facility availed by mutual funds,HO/(92)2026-IMD-POD-2/I/16006/2026,"Jul 10, 2026",https://www.sebi.gov.in/legal/circulars/jul-2026/intraday-borrowing-facility-availed-by-mutual-funds_102762.html
1783423471963.pdf,SEBI,Review of norms for utilization of interest or income from IPF of the Depositories,HO/47/14/13(4)2026-MRD-POD3/I/15577/2026,"Jul 07, 2026",https://www.sebi.gov.in/legal/circulars/jul-2026/review-of-norms-for-utilization-of-interest-or-income-from-ipf-of-the-depositories_102639.html
94MDAHSVRBC80A53F9E5D324A948540B84F580DE15F.PDF,RBI,"Master Direction - Reserve Bank of India (Acquisition and Holding of Shares or Voting Rights in Banking Companies) Directions, 2023",DoR.HGG.GOV.REC.No.96/29.67.001/2022-23,"Jan 16, 2023",https://www.rbi.org.in/Scripts/NotificationUser.aspx?Id=12439
1781524158363.pdf,SEBI,"Norms for Base Price, Price Bands, Call Auction in pre-open session and Close-out procedure for Exchange Traded Funds (ETFs)",HO/47/11/11(1)2026-MRD-POD3/I/13804/2026,"Jun 15, 2026",https://www.sebi.gov.in/legal/circulars/jun-2026/norms-for-base-price-price-bands-call-auction-in-pre-open-session-and-close-out-procedure-for-exchange-traded-funds-etfs-_102121.html
